<?xml version="1.0" encoding="UTF-8"?>
<project-private xmlns="http://www.netbeans.org/ns/project-private/1">
    <editor-bookmarks xmlns="http://www.netbeans.org/ns/editor-bookmarks/2" lastBookmarkId="0"/>
    <open-files xmlns="http://www.netbeans.org/ns/projectui-open-files/2">
        <group>
            <file>file:/C:/Users/User/Documents/NetBeansProjects/EJBAPPSTUD/EJBAPPSTUD-war/web/resources/css/activity_student.css</file>
            <file>file:/C:/Users/User/Documents/NetBeansProjects/EJBAPPSTUD/EJBAPPSTUD-war/src/java/actvitiesSController/actvitieSController.java</file>
            <file>file:/C:/Users/User/Documents/NetBeansProjects/EJBAPPSTUD/EJBAPPSTUD-war/web/index.xhtml</file>
        </group>
    </open-files>
</project-private>
