<?xml version="1.0" encoding="UTF-8"?>
<project-private xmlns="http://www.netbeans.org/ns/project-private/1">
    <editor-bookmarks xmlns="http://www.netbeans.org/ns/editor-bookmarks/2" lastBookmarkId="0"/>
    <open-files xmlns="http://www.netbeans.org/ns/projectui-open-files/2">
        <group>
            <file>file:/C:/Users/MrKrab/Documents/NetBeansProjects/CMSystem_Application/CMSystem_Application-war/src/java/controller/managedBean.java</file>
            <file>file:/C:/Users/MrKrab/Documents/NetBeansProjects/CMSystem_Application/CMSystem_Application-war/web/index.xhtml</file>
            <file>file:/C:/Users/MrKrab/Documents/NetBeansProjects/CMSystem_Application/CMSystem_Application-war/web/update.xhtml</file>
        </group>
    </open-files>
</project-private>
