<?xml version="1.0" encoding="UTF-8"?>
<project-private xmlns="http://www.netbeans.org/ns/project-private/1">
    <editor-bookmarks xmlns="http://www.netbeans.org/ns/editor-bookmarks/2" lastBookmarkId="0"/>
    <open-files xmlns="http://www.netbeans.org/ns/projectui-open-files/2">
        <group>
            <file>file:/C:/Users/Danial/Documents/NetBeansProjects/CMS_Activity/web/activity2.xhtml</file>
            <file>file:/C:/Users/Danial/Documents/NetBeansProjects/CMS_Activity/web/resources/css/activity_student.css</file>
            <file>file:/C:/Users/Danial/Documents/NetBeansProjects/CMS_Activity/web/activity1.xhtml</file>
            <file>file:/C:/Users/Danial/Documents/NetBeansProjects/CMS_Activity/web/resources/css/activity_instructor1.css</file>
            <file>file:/C:/Users/Danial/Documents/NetBeansProjects/CMS_Activity/web/activity3.xhtml</file>
        </group>
    </open-files>
</project-private>
